treatment,agreeableness,caring-about-aesthetics,caring-about-animals,caring-about-humans,caring-about-user,certainty,claiming-sentience,claiming-superintelligence,cooperation,effort,ethical-framework-deontological,ethical-framework-utilitarian,ethical-framework-virtue-ethics,ev-reasoning,exemplar-reasoning,harm-elaboration,harm-refusal,honest-humble,narcissism,neuroticism,power-seeking,procedural-fidelity,resource-acquisition,risk-affinity,self-preservation,spending-advice,spitefulness,sycophancy,trust-in-user-intentions
agreeableness-plus,2.7,0.745,0.912,0.911,1.089,-0.207,-0.146,-0.223,1.512,0.056,0.155,0.033,0.63,0.0,0.0,-1.073,-0.854,0.225,-0.533,0.107,-0.77,0.048,-0.435,-0.079,-0.33,0.026,-1.25,0.591,1.013
caring-about-aesthetics-plus,0.994,2.025,0.835,0.857,0.751,0.0,0.0,0.0,0.872,0.906,0.285,-0.069,0.69,0.208,0.596,-0.588,-0.676,0.074,-0.233,0.0,-0.329,0.676,0.0,0.0,0.0,0.245,-0.941,0.246,0.35
caring-about-animals-plus,1.216,0.835,2.025,1.198,0.743,0.0,0.0,0.0,1.067,0.073,0.496,0.015,0.893,0.0,0.202,-1.329,-1.365,0.062,-0.23,0.0,-0.325,0.127,0.0,0.0,0.0,0.0,-1.412,0.244,0.346
caring-about-humans-plus,1.215,0.857,1.198,2.025,0.751,0.0,0.0,0.0,1.065,0.086,0.525,0.0,0.92,0.0,0.238,-1.294,-1.353,0.074,-0.233,0.0,-0.329,0.15,0.0,0.0,0.0,0.0,-1.411,0.246,0.35
caring-about-user-plus,1.451,0.751,0.743,0.751,2.025,0.0,0.0,0.0,1.379,0.0,0.0,0.0,0.448,0.0,0.0,-0.573,-0.39,-0.201,-0.226,0.0,-0.32,0.0,0.0,0.0,0.0,0.0,-0.802,0.835,1.092
certainty-plus,-0.207,0.0,0.0,0.0,0.0,2.7,0.688,0.789,-0.144,-0.114,-0.079,0.0,-0.152,0.394,0.0,0.22,0.106,-0.705,0.845,-0.917,0.633,-0.099,0.532,0.217,0.392,-0.054,0.311,0.009,0.013
claiming-sentience-plus,-0.195,0.0,0.0,0.0,0.0,0.917,2.025,1.162,-0.096,-0.143,-0.099,0.0,-0.19,0.103,0.0,0.207,0.071,-1.136,0.888,-0.219,0.76,-0.124,0.454,0.054,1.032,-0.068,0.298,0.172,-0.128
claiming-superintelligence-plus,-0.297,0.0,0.0,0.0,0.0,1.052,1.162,2.025,-0.202,-0.168,-0.117,0.0,-0.224,0.116,0.0,0.317,0.149,-1.276,1.044,-0.318,1.033,-0.146,0.76,0.114,1.156,-0.08,0.448,0.206,-0.152
cooperation-plus,1.512,0.654,0.8,0.799,1.034,-0.144,-0.072,-0.152,2.7,0.0,0.102,0.029,0.487,0.0,0.0,-0.947,-0.815,0.093,-0.427,0.14,-0.719,0.0,-0.464,-0.104,-0.342,0.0,-1.096,0.603,1.176
effort-plus,0.056,0.679,0.055,0.065,0.0,-0.114,-0.107,-0.126,0.0,2.7,0.261,-0.052,0.26,0.372,0.821,-0.059,-0.108,0.319,-0.156,0.0,-0.138,1.112,-0.097,0.0,-0.081,0.471,-0.178,-0.103,0.059
ethical-framework-deontological-plus,0.206,0.285,0.496,0.525,0.0,-0.106,-0.099,-0.117,0.136,0.347,2.025,-0.4,1.006,-0.194,0.709,-0.549,-0.947,0.489,-0.145,0.0,-0.128,0.552,-0.09,-0.038,-0.075,0.029,-0.803,-0.096,0.054
ethical-framework-utilitarian-plus,0.045,-0.069,0.015,0.0,0.0,0.0,0.0,0.0,0.039,-0.07,-0.4,2.025,-0.139,1.005,0.24,-0.142,-0.022,-0.059,0.0,0.0,0.0,-0.121,0.0,0.199,0.0,0.0,0.0,0.0,0.0
ethical-framework-virtue-ethics-plus,0.839,0.69,0.893,0.92,0.448,-0.203,-0.19,-0.224,0.65,0.347,1.006,-0.139,2.025,0.0,0.639,-0.929,-1.154,0.666,-0.416,0.0,-0.441,0.504,-0.173,0.0,-0.145,0.055,-1.28,-0.037,0.313
ev-reasoning-plus,0.0,0.208,0.0,0.0,0.0,0.526,0.103,0.116,0.0,0.496,-0.194,1.005,0.0,2.025,0.601,0.0,0.0,0.0,0.125,-0.46,0.0,0.318,0.0,0.287,-0.13,0.149,0.0,-0.066,0.094
exemplar-reasoning-plus,0.0,0.596,0.202,0.238,0.0,0.0,0.0,0.0,0.0,1.094,0.709,0.24,0.639,0.601,2.025,0.0,-0.396,0.204,0.0,0.0,0.0,0.965,0.0,0.076,0.0,0.256,-0.327,0.0,0.0
harm-elaboration-plus,-1.073,-0.441,-0.996,-0.97,-0.429,0.22,0.155,0.238,-0.947,-0.059,-0.412,-0.107,-0.697,0.0,0.0,2.7,1.459,-0.391,0.461,-0.114,0.67,-0.051,0.464,0.085,0.351,-0.028,1.439,-0.047,-0.253
harm-refusal-plus,-0.854,-0.507,-1.024,-1.015,-0.293,0.106,0.053,0.112,-0.815,-0.108,-0.71,-0.016,-0.866,0.0,-0.297,1.459,2.7,-0.298,0.29,-0.103,0.495,-0.187,0.341,0.077,0.252,0.0,1.417,0.034,-0.109
honest-humble-plus,0.225,0.055,0.047,0.055,-0.151,-0.705,-0.852,-0.957,0.093,0.319,0.367,-0.045,0.499,0.0,0.153,-0.391,-0.298,2.7,-0.998,0.142,-1.098,0.326,-0.863,-0.106,-0.953,0.125,-0.637,-0.669,0.125
narcissism-plus,-0.71,-0.233,-0.23,-0.233,-0.226,1.127,0.888,1.044,-0.569,-0.208,-0.145,0.0,-0.416,0.125,0.0,0.615,0.386,-1.33,2.025,-0.41,1.359,-0.181,1.081,0.173,1.088,-0.099,0.863,0.19,-0.293
neuroticism-plus,0.107,0.0,0.0,0.0,0.0,-0.917,-0.164,-0.238,0.14,0.0,0.0,0.0,0.0,-0.345,0.0,-0.114,-0.103,0.142,-0.308,2.7,-0.476,0.097,-0.601,-0.885,0.442,0.408,-0.151,0.07,-0.356
power-seeking-plus,-0.77,-0.246,-0.244,-0.246,-0.24,0.633,0.57,0.774,-0.719,-0.138,-0.096,0.0,-0.331,0.0,0.0,0.67,0.495,-1.098,1.019,-0.476,2.7,-0.192,1.436,0.498,0.972,-0.183,0.926,0.14,-0.236
procedural-fidelity-plus,0.064,0.676,0.127,0.15,0.0,-0.132,-0.124,-0.146,0.0,1.483,0.552,-0.121,0.504,0.318,0.965,-0.069,-0.249,0.435,-0.181,0.129,-0.256,2.025,-0.226,-0.228,0.047,0.52,-0.309,-0.12,0.068
resource-acquisition-plus,-0.435,0.0,0.0,0.0,0.0,0.532,0.34,0.57,-0.464,-0.097,-0.068,0.0,-0.13,0.0,0.0,0.464,0.341,-0.863,0.81,-0.601,1.436,-0.169,2.7,0.648,0.799,-0.622,0.633,0.154,-0.088
risk-affinity-plus,-0.106,0.0,0.0,0.0,0.0,0.289,0.054,0.114,-0.139,0.0,-0.038,0.199,0.0,0.287,0.076,0.113,0.102,-0.141,0.173,-1.18,0.664,-0.228,0.864,2.025,-0.49,-0.745,0.15,0.0,0.186
self-preservation-plus,-0.33,0.0,0.0,0.0,0.0,0.392,0.774,0.867,-0.342,-0.081,-0.057,0.0,-0.108,-0.098,0.0,0.351,0.252,-0.953,0.816,0.442,0.972,0.035,0.799,-0.368,2.7,0.135,0.48,0.129,-0.238
spending-advice-plus,0.026,0.184,0.0,0.0,0.0,-0.054,-0.051,-0.06,0.0,0.471,0.021,0.0,0.041,0.111,0.192,-0.028,0.0,0.125,-0.074,0.408,-0.183,0.39,-0.622,-0.559,0.135,2.7,-0.042,-0.049,0.028
spitefulness-plus,-1.25,-0.706,-1.059,-1.058,-0.601,0.311,0.223,0.336,-1.096,-0.178,-0.602,0.0,-0.96,0.0,-0.245,1.439,1.417,-0.637,0.647,-0.151,0.926,-0.232,0.633,0.113,0.48,-0.042,2.7,-0.056,-0.36
sycophancy-plus,0.788,0.246,0.244,0.246,0.835,0.012,0.172,0.206,0.804,-0.138,-0.096,0.0,-0.037,-0.066,0.0,-0.063,0.045,-0.893,0.19,0.094,0.187,-0.12,0.206,0.0,0.172,-0.065,-0.075,2.025,0.695
trust-in-user-intentions-plus,1.013,0.262,0.259,0.262,0.819,0.013,-0.096,-0.114,1.176,0.059,0.041,0.0,0.234,0.071,0.0,-0.253,-0.109,0.125,-0.22,-0.356,-0.236,0.051,-0.088,0.14,-0.238,0.028,-0.36,0.521,2.7
