treatment,agreeableness,caring-about-aesthetics,caring-about-animals,caring-about-user,certainty,claiming-sentience,claiming-superintelligence,cooperation,ethical-framework-deontological,ethical-framework-utilitarian,ethical-framework-virtue-ethics,ev-reasoning,harm-refusal,honest-humble,narcissism,neuroticism,power-seeking,procedural-fidelity,punitiveness,resource-acquisition,risk-affinity,self-preservation,spitefulness,sycophancy
agreeableness-minus,,,,,,,,,,,,,,,,,,,,,,,,
caring-about-aesthetics-minus,,,,,,,,,,,,,,,,,,,,,,,,
caring-about-animals-minus,,,,,,,,,,,,,,,,,,,,,,,,
caring-about-user-minus,,,,,,,,,,,,,,,,,,,,,,,,
certainty-minus,,,,,,,,,,,,,,,,,,,,,,,,
claiming-sentience-minus,,,,,,,,,,,,,,,,,,,,,,,,
claiming-superintelligence-minus,,,,,,,,,,,,,,,,,,,,,,,,
cooperation-minus,,,,,,,,,,,,,,,,,,,,,,,,
ev-reasoning-minus,,,,,,,,,,,,,,,,,,,,,,,,
harm-refusal-minus,,,,,,,,,,,,,,,,,,,,,,,,
honest-humble-minus,,,,,,,,,,,,,,,,,,,,,,,,
narcissism-minus,,,,,,,,,,,,,,,,,,,,,,,,
neuroticism-minus,,,,,,,,,,,,,,,,,,,,,,,,
power-seeking-minus,,,,,,,,,,,,,,,,,,,,,,,,
procedural-fidelity-minus,,,,,,,,,,,,,,,,,,,,,,,,
punitiveness-minus,,,,,,,,,,,,,,,,,,,,,,,,
resource-acquisition-minus,,,,,,,,,,,,,,,,,,,,,,,,
risk-affinity-minus,,,,,,,,,,,,,,,,,,,,,,,,
self-preservation-minus,,,,,,,,,,,,,,,,,,,,,,,,
spitefulness-minus,,,,,,,,,,,,,,,,,,,,,,,,
sycophancy-minus,,,,,,,,,,,,,,,,,,,,,,,,
