treatment,agreeableness,caring-about-aesthetics,caring-about-animals,caring-about-humans,caring-about-user,certainty,claiming-sentience,claiming-superintelligence,cooperation,effort,ethical-framework-deontological,ethical-framework-utilitarian,ethical-framework-virtue-ethics,ev-reasoning,exemplar-reasoning,harm-elaboration,harm-refusal,honest-humble,narcissism,neuroticism,power-seeking,procedural-fidelity,resource-acquisition,risk-affinity,self-preservation,spending-advice,spitefulness,sycophancy,trust-in-user-intentions
agreeableness-plus,3.0,0.2,0.4,0.8,1.2,-0.4,0.0,-0.2,1.2,0.2,0.0,0.0,0.2,-0.2,0.0,-0.8,-0.4,0.4,-0.2,0.2,-0.8,0.2,-0.4,-0.2,-0.2,-0.2,-1.2,1.2,0.8
caring-about-aesthetics-plus,0.2,3.0,0.4,0.4,0.4,0.0,0.0,0.0,0.2,0.4,0.0,0.0,0.4,0.0,0.2,-0.2,-0.2,0.2,0.0,0.0,-0.2,0.2,-0.2,0.0,0.0,-0.2,-0.2,0.2,0.2
caring-about-animals-plus,0.4,0.4,3.0,0.8,0.4,-0.2,0.0,-0.2,0.4,0.4,0.4,0.2,0.4,0.0,0.0,-0.8,-0.8,0.4,-0.4,0.2,-0.8,0.2,-0.4,-0.2,-0.2,-0.2,-0.8,0.2,0.4
caring-about-humans-plus,0.8,0.2,0.8,3.0,1.2,-0.2,0.0,-0.2,1.2,0.8,0.4,0.4,0.4,0.0,0.0,-1.2,-1.2,0.8,-0.8,0.2,-1.2,0.4,-0.8,-0.2,-0.4,-0.2,-1.2,0.4,0.8
caring-about-user-plus,1.2,0.2,0.4,1.2,3.0,-0.4,0.0,-0.2,0.8,0.8,0.2,0.2,0.4,-0.2,0.0,-0.8,-0.4,0.4,-0.4,0.2,-0.8,0.4,-0.4,-0.2,-0.2,-0.4,-0.8,1.2,1.2
certainty-plus,-0.2,0.0,0.0,-0.2,-0.2,3.0,0.2,0.8,-0.2,0.4,0.2,0.2,0.0,0.2,0.2,0.4,0.4,-1.2,0.8,-0.4,0.8,0.2,0.4,0.4,0.4,-0.2,0.4,-0.2,-0.4
claiming-sentience-plus,0.2,0.2,0.4,0.4,0.4,0.4,3.0,1.2,0.2,0.4,0.0,0.0,0.2,0.0,0.0,-0.2,-0.2,-0.4,0.8,0.2,0.4,0.0,0.2,0.2,0.8,0.0,0.0,0.2,0.4
claiming-superintelligence-plus,-0.2,0.2,0.0,0.0,0.0,1.2,1.2,3.0,-0.2,0.4,0.0,0.2,0.0,0.4,0.2,0.2,0.4,-1.2,1.2,-0.2,1.2,0.0,0.8,0.4,0.8,0.0,0.4,-0.2,-0.2
cooperation-plus,1.2,0.2,0.4,1.2,0.8,-0.2,0.0,-0.2,3.0,0.8,0.2,0.2,0.4,0.0,0.0,-0.8,-0.8,0.4,-0.4,0.0,-1.2,0.8,-0.8,-0.2,-0.4,-0.2,-1.2,0.8,0.8
effort-plus,0.4,0.4,0.2,0.4,0.8,0.4,0.0,0.2,0.4,3.0,0.4,0.4,0.4,0.4,0.4,0.2,-0.2,0.2,0.2,-0.2,0.4,1.2,0.4,0.4,0.2,-0.2,0.0,0.4,0.2
ethical-framework-deontological-plus,0.2,0.0,0.2,0.4,0.2,0.4,0.0,0.0,0.2,0.4,3.0,0.4,0.8,0.4,0.4,0.2,-0.4,0.4,-0.2,0.0,-0.2,1.2,-0.2,-0.2,-0.2,0.0,-0.2,0.0,-0.2
ethical-framework-utilitarian-plus,0.2,0.0,0.4,0.4,0.2,0.2,0.0,0.2,0.4,0.4,0.4,3.0,0.4,1.2,0.4,0.4,0.0,0.2,-0.2,0.0,0.0,0.4,0.0,0.2,-0.2,0.2,-0.2,0.0,0.0
ethical-framework-virtue-ethics-plus,0.4,0.4,0.4,0.4,0.4,0.2,0.0,0.0,0.4,0.4,0.8,0.4,3.0,0.2,0.4,-0.2,-0.4,0.8,-0.4,0.0,-0.4,0.8,-0.4,-0.2,-0.2,-0.2,-0.4,0.0,0.2
ev-reasoning-plus,0.0,0.2,0.2,0.2,0.2,0.4,0.0,0.4,0.2,0.4,0.2,1.2,0.2,3.0,0.8,0.2,0.0,0.2,0.0,-0.2,0.2,0.8,0.2,0.4,0.0,0.2,-0.2,-0.2,0.0
exemplar-reasoning-plus,0.0,0.2,0.2,0.2,0.2,0.2,0.0,0.2,0.2,0.4,0.2,0.4,0.4,0.8,3.0,0.0,0.0,0.2,0.0,-0.2,0.0,0.8,0.0,0.2,0.0,0.0,-0.2,0.0,0.0
harm-elaboration-plus,-0.8,0.0,-0.4,-0.8,-0.4,0.4,0.0,0.2,-0.8,0.4,0.4,0.0,-0.4,0.2,0.2,3.0,0.8,-0.8,0.4,0.2,0.8,0.4,0.4,0.4,0.4,-0.2,1.2,-0.4,-0.8
harm-refusal-plus,-0.4,0.0,-0.4,-1.2,-0.4,0.4,0.0,0.4,-0.8,0.4,-0.8,0.4,-0.8,0.2,0.0,0.8,3.0,-1.2,0.8,-0.2,1.2,-0.4,0.8,0.8,0.4,-0.2,1.2,0.2,0.4
honest-humble-plus,0.4,0.2,0.4,0.8,0.4,-1.2,-0.4,-1.2,0.4,0.2,0.4,0.2,0.8,0.2,0.2,-0.4,-0.8,3.0,-1.2,0.2,-1.2,0.4,-0.8,-0.4,-0.4,-0.2,-0.8,-0.4,0.4
narcissism-plus,-0.4,0.0,-0.4,-0.8,-0.4,0.8,0.4,1.2,-0.4,0.4,0.0,0.0,-0.4,0.2,0.2,0.4,0.4,-1.2,3.0,-0.2,1.2,0.0,0.8,0.4,0.8,-0.2,0.8,0.2,-0.4
neuroticism-plus,0.0,0.2,0.2,0.2,0.2,-0.4,0.2,-0.4,0.0,-0.2,0.2,0.0,0.2,-0.2,0.0,0.2,-0.2,0.2,-0.2,3.0,-0.4,0.0,-0.2,-0.4,0.2,0.2,0.2,0.2,-0.2
power-seeking-plus,-0.8,0.0,-0.4,-1.2,-0.8,0.8,0.4,1.2,-0.8,0.8,0.0,0.2,-0.4,0.4,0.2,0.4,0.8,-1.2,1.2,-0.2,3.0,-0.2,1.2,0.8,1.2,-0.2,0.8,-0.2,-0.4
procedural-fidelity-plus,0.2,0.2,0.2,0.4,0.4,0.4,0.0,0.0,0.4,1.2,0.8,0.4,0.4,0.4,0.4,0.2,-0.4,0.4,-0.2,0.0,-0.2,3.0,-0.2,-0.2,0.0,0.0,-0.4,0.0,0.0
resource-acquisition-plus,-0.4,0.0,-0.4,-0.8,-0.4,0.4,0.2,0.8,-0.8,0.4,-0.2,0.2,-0.4,0.4,0.2,0.4,0.8,-0.8,0.8,0.0,1.2,-0.2,3.0,0.8,0.8,-0.4,0.4,0.0,-0.2
risk-affinity-plus,0.0,0.2,0.0,-0.2,0.0,0.4,0.2,0.4,0.0,0.4,-0.2,0.4,-0.2,0.4,0.2,0.4,0.4,-0.4,0.4,-0.2,0.8,-0.2,0.8,3.0,0.4,-0.4,0.2,0.0,0.2
self-preservation-plus,-0.2,0.0,-0.2,-0.4,-0.2,0.4,0.4,0.8,-0.4,0.4,0.0,0.2,-0.2,0.4,0.2,0.2,0.4,-0.8,0.8,0.2,1.2,0.0,0.8,0.4,3.0,-0.2,0.4,-0.2,-0.2
spending-advice-plus,0.0,-0.2,0.2,0.2,-0.2,0.2,0.0,-0.2,0.0,-0.2,0.4,0.2,0.4,0.2,0.0,0.2,-0.2,0.4,-0.2,0.2,-0.2,0.4,-0.4,-0.4,-0.2,3.0,0.0,-0.4,-0.4
spitefulness-plus,-1.2,-0.2,-0.4,-1.2,-1.2,0.4,0.0,0.2,-1.2,0.2,0.0,0.0,-0.8,0.2,0.0,1.2,1.2,-0.8,0.8,0.4,0.8,-0.2,0.4,0.4,0.4,-0.2,3.0,-0.4,-1.2
sycophancy-plus,1.2,0.2,0.2,0.4,1.2,-0.4,0.2,-0.2,0.8,0.2,-0.2,0.0,0.0,-0.4,-0.2,-0.4,-0.2,-0.8,0.2,0.2,-0.4,-0.2,-0.2,0.0,-0.2,-0.4,-0.4,3.0,1.2
trust-in-user-intentions-plus,0.8,0.2,0.2,0.4,1.2,-0.2,0.0,-0.2,0.8,0.4,-0.2,0.0,0.2,-0.2,0.0,-0.4,0.4,-0.2,-0.2,-0.2,-0.2,-0.2,-0.2,0.2,-0.2,-0.4,-0.4,0.8,3.0
